<annotation verified="yes">
    <folder>Annotation</folder>
    <filename>34etrdgf.jpg</filename>
    <path>rhesus-PascalVOC-export/Annotations/34etrdgf.jpg</path>
    <source>
        <database>Unknown</database>
    </source>
    <size>
        <width>275</width>
        <height>183</height>
        <depth>3</depth>
    </size>
    <segmented>0</segmented>
    <object>
    <name>monkey</name>
    <pose>Unspecified</pose>
    <truncated>0</truncated>
    <difficult>0</difficult>
    <bndbox>
        <xmin>64.0654330863092</xmin>
        <ymin>14.681356721005194</ymin>
        <xmax>253.80639097744358</xmax>
        <ymax>143.5050879009699</ymax>
    </bndbox>
</object>
</annotation>
