<annotation verified="yes">
    <folder>Annotation</folder>
    <filename>6576ythgfdh.jpg</filename>
    <path>rhesus-PascalVOC-export/Annotations/6576ythgfdh.jpg</path>
    <source>
        <database>Unknown</database>
    </source>
    <size>
        <width>275</width>
        <height>183</height>
        <depth>3</depth>
    </size>
    <segmented>0</segmented>
    <object>
    <name>monkey</name>
    <pose>Unspecified</pose>
    <truncated>0</truncated>
    <difficult>0</difficult>
    <bndbox>
        <xmin>42.768442182612596</xmin>
        <ymin>7.444068585411976</ymin>
        <xmax>188.125591349781</xmax>
        <ymax>171.62711864406776</ymax>
    </bndbox>
</object>
</annotation>
