<annotation verified="yes">
    <folder>Annotation</folder>
    <filename>aiZwaWQ9QXBp%20(1).jpg</filename>
    <path>rhesus-PascalVOC-export/Annotations/aiZwaWQ9QXBp%20(1).jpg</path>
    <source>
        <database>Unknown</database>
    </source>
    <size>
        <width>300</width>
        <height>225</height>
        <depth>3</depth>
    </size>
    <segmented>0</segmented>
    <object>
    <name>monkey</name>
    <pose>Unspecified</pose>
    <truncated>0</truncated>
    <difficult>0</difficult>
    <bndbox>
        <xmin>48.273303145069185</xmin>
        <ymin>7.881356902041677</ymin>
        <xmax>207.1716179281978</xmax>
        <ymax>196.27119807873743</ymax>
    </bndbox>
</object>
</annotation>
