<annotation verified="yes">
    <folder>Annotation</folder>
    <filename>aiZwaWQ9QXBp%20(5).jpg</filename>
    <path>rhesus-PascalVOC-export/Annotations/aiZwaWQ9QXBp%20(5).jpg</path>
    <source>
        <database>Unknown</database>
    </source>
    <size>
        <width>300</width>
        <height>225</height>
        <depth>3</depth>
    </size>
    <segmented>0</segmented>
    <object>
    <name>monkey</name>
    <pose>Unspecified</pose>
    <truncated>0</truncated>
    <difficult>0</difficult>
    <bndbox>
        <xmin>3.781777721340373</xmin>
        <ymin>9.406779176097805</ymin>
        <xmax>143.86652930308196</xmax>
        <ymax>205.9322033898305</ymax>
    </bndbox>
</object><object>
    <name>monkey</name>
    <pose>Unspecified</pose>
    <truncated>0</truncated>
    <difficult>0</difficult>
    <bndbox>
        <xmin>122.51059322033898</xmin>
        <ymin>5.3389840206857455</ymin>
        <xmax>273.7817796610169</xmax>
        <ymax>210.76271574375994</ymax>
    </bndbox>
</object>
</annotation>
