<annotation verified="yes">
    <folder>Annotation</folder>
    <filename>aiZwaWQ9QXBp%20(4).jpg</filename>
    <path>rhesus-PascalVOC-export/Annotations/aiZwaWQ9QXBp%20(4).jpg</path>
    <source>
        <database>Unknown</database>
    </source>
    <size>
        <width>300</width>
        <height>225</height>
        <depth>3</depth>
    </size>
    <segmented>0</segmented>
    <object>
    <name>monkey</name>
    <pose>Unspecified</pose>
    <truncated>0</truncated>
    <difficult>0</difficult>
    <bndbox>
        <xmin>19.544491525423727</xmin>
        <ymin>9.915255692045568</ymin>
        <xmax>269.71400632696634</xmax>
        <ymax>225</ymax>
    </bndbox>
</object>
</annotation>
