<annotation verified="yes">
    <folder>Annotation</folder>
    <filename>aiZwaWQ9QXBp%20(6).jpg</filename>
    <path>rhesus-PascalVOC-export/Annotations/aiZwaWQ9QXBp%20(6).jpg</path>
    <source>
        <database>Unknown</database>
    </source>
    <size>
        <width>300</width>
        <height>225</height>
        <depth>3</depth>
    </size>
    <segmented>0</segmented>
    <object>
    <name>monkey</name>
    <pose>Unspecified</pose>
    <truncated>0</truncated>
    <difficult>0</difficult>
    <bndbox>
        <xmin>78.01906779661017</xmin>
        <ymin>15.508475546109473</ymin>
        <xmax>194.20552011263572</xmax>
        <ymax>187.37289299399166</ymax>
    </bndbox>
</object>
</annotation>
