<annotation verified="yes">
    <folder>Annotation</folder>
    <filename>aiZwaWQ9QXBp%20(3).jpg</filename>
    <path>rhesus-PascalVOC-export/Annotations/aiZwaWQ9QXBp%20(3).jpg</path>
    <source>
        <database>Unknown</database>
    </source>
    <size>
        <width>300</width>
        <height>225</height>
        <depth>3</depth>
    </size>
    <segmented>0</segmented>
    <object>
    <name>monkey</name>
    <pose>Unspecified</pose>
    <truncated>0</truncated>
    <difficult>0</difficult>
    <bndbox>
        <xmin>39.37499806032342</xmin>
        <ymin>1.271186440677966</ymin>
        <xmax>288.78180293713586</xmax>
        <ymax>225</ymax>
    </bndbox>
</object>
</annotation>
