<annotation verified="yes">
    <folder>Annotation</folder>
    <filename>aiZwaWQ9QXBp%20(2).jpg</filename>
    <path>rhesus-PascalVOC-export/Annotations/aiZwaWQ9QXBp%20(2).jpg</path>
    <source>
        <database>Unknown</database>
    </source>
    <size>
        <width>300</width>
        <height>225</height>
        <depth>3</depth>
    </size>
    <segmented>0</segmented>
    <object>
    <name>monkey</name>
    <pose>Unspecified</pose>
    <truncated>0</truncated>
    <difficult>0</difficult>
    <bndbox>
        <xmin>88.69704553636454</xmin>
        <ymin>31.016951092218946</ymin>
        <xmax>265.64619419938424</xmax>
        <ymax>194.49152542372883</ymax>
    </bndbox>
</object>
</annotation>
