<annotation verified="yes">
    <folder>Annotation</folder>
    <filename>byZwaWQ9QXBp%20(2).jpg</filename>
    <path>rhesus-PascalVOC-export/Annotations/byZwaWQ9QXBp%20(2).jpg</path>
    <source>
        <database>Unknown</database>
    </source>
    <size>
        <width>360</width>
        <height>225</height>
        <depth>3</depth>
    </size>
    <segmented>0</segmented>
    <object>
    <name>monkey</name>
    <pose>Unspecified</pose>
    <truncated>0</truncated>
    <difficult>0</difficult>
    <bndbox>
        <xmin>62.01312707759782</xmin>
        <ymin>33.81325065464094</ymin>
        <xmax>360</xmax>
        <ymax>171.9841724035443</ymax>
    </bndbox>
</object>
</annotation>
