<annotation verified="yes">
    <folder>Annotation</folder>
    <filename>byZwaWQ9QXBp.jpg</filename>
    <path>rhesus-PascalVOC-export/Annotations/byZwaWQ9QXBp.jpg</path>
    <source>
        <database>Unknown</database>
    </source>
    <size>
        <width>360</width>
        <height>225</height>
        <depth>3</depth>
    </size>
    <segmented>0</segmented>
    <object>
    <name>monkey</name>
    <pose>Unspecified</pose>
    <truncated>0</truncated>
    <difficult>0</difficult>
    <bndbox>
        <xmin>21.255857544517337</xmin>
        <ymin>0.34998074464354734</ymin>
        <xmax>306.5566927937558</xmax>
        <ymax>225</ymax>
    </bndbox>
</object>
</annotation>
