<annotation verified="yes">
    <folder>Annotation</folder>
    <filename>cyZwaWQ9QXBp.jpg</filename>
    <path>rhesus-PascalVOC-export/Annotations/cyZwaWQ9QXBp.jpg</path>
    <source>
        <database>Unknown</database>
    </source>
    <size>
        <width>217</width>
        <height>225</height>
        <depth>3</depth>
    </size>
    <segmented>0</segmented>
    <object>
    <name>monkey</name>
    <pose>Unspecified</pose>
    <truncated>0</truncated>
    <difficult>0</difficult>
    <bndbox>
        <xmin>60.914084483379845</xmin>
        <ymin>10.67796561677577</ymin>
        <xmax>204.5217173452084</xmax>
        <ymax>213.05085521633342</ymax>
    </bndbox>
</object>
</annotation>
