<annotation verified="yes">
    <folder>Annotation</folder>
    <filename>cyZwaWQ9QXBp%20(1).jpg</filename>
    <path>rhesus-PascalVOC-export/Annotations/cyZwaWQ9QXBp%20(1).jpg</path>
    <source>
        <database>Unknown</database>
    </source>
    <size>
        <width>452</width>
        <height>225</height>
        <depth>3</depth>
    </size>
    <segmented>0</segmented>
    <object>
    <name>monkey</name>
    <pose>Unspecified</pose>
    <truncated>0</truncated>
    <difficult>0</difficult>
    <bndbox>
        <xmin>122.25604757149864</xmin>
        <ymin>12.701273772676112</ymin>
        <xmax>358.4652606424262</xmax>
        <ymax>216.09111074673925</ymax>
    </bndbox>
</object>
</annotation>
