<annotation verified="yes">
    <folder>Annotation</folder>
    <filename>dCZwaWQ9QXBp.jpg</filename>
    <path>rhesus-PascalVOC-export/Annotations/dCZwaWQ9QXBp.jpg</path>
    <source>
        <database>Unknown</database>
    </source>
    <size>
        <width>156</width>
        <height>225</height>
        <depth>3</depth>
    </size>
    <segmented>0</segmented>
    <object>
    <name>monkey</name>
    <pose>Unspecified</pose>
    <truncated>0</truncated>
    <difficult>0</difficult>
    <bndbox>
        <xmin>22.287981767518456</xmin>
        <ymin>27.45763002815893</ymin>
        <xmax>140.9877703447206</xmax>
        <ymax>195.50847845562436</ymax>
    </bndbox>
</object>
</annotation>
