<annotation verified="yes">
    <folder>Annotation</folder>
    <filename>dfgdfgsfdfgfg.jpg</filename>
    <path>rhesus-PascalVOC-export/Annotations/dfgdfgsfdfgfg.jpg</path>
    <source>
        <database>Unknown</database>
    </source>
    <size>
        <width>275</width>
        <height>183</height>
        <depth>3</depth>
    </size>
    <segmented>0</segmented>
    <object>
    <name>monkey</name>
    <pose>Unspecified</pose>
    <truncated>0</truncated>
    <difficult>0</difficult>
    <bndbox>
        <xmin>94.66693526820131</xmin>
        <ymin>26.674575482384633</ymin>
        <xmax>201.97896849840205</xmax>
        <ymax>169.97289082155388</ymax>
    </bndbox>
</object>
</annotation>
