<annotation verified="yes">
    <folder>Annotation</folder>
    <filename>fgbfgdgfb.jpg</filename>
    <path>rhesus-PascalVOC-export/Annotations/fgbfgdgfb.jpg</path>
    <source>
        <database>Unknown</database>
    </source>
    <size>
        <width>183</width>
        <height>275</height>
        <depth>3</depth>
    </size>
    <segmented>0</segmented>
    <object>
    <name>monkey</name>
    <pose>Unspecified</pose>
    <truncated>0</truncated>
    <difficult>0</difficult>
    <bndbox>
        <xmin>36.16290283203125</xmin>
        <ymin>34.49152660908672</ymin>
        <xmax>145.57438202876193</xmax>
        <ymax>275</ymax>
    </bndbox>
</object>
</annotation>
