<annotation verified="yes">
    <folder>Annotation</folder>
    <filename>gfdbgffdnggfnngnfg.jpg</filename>
    <path>rhesus-PascalVOC-export/Annotations/gfdbgffdnggfnngnfg.jpg</path>
    <source>
        <database>Unknown</database>
    </source>
    <size>
        <width>310</width>
        <height>163</height>
        <depth>3</depth>
    </size>
    <segmented>0</segmented>
    <object>
    <name>monkey</name>
    <pose>Unspecified</pose>
    <truncated>0</truncated>
    <difficult>0</difficult>
    <bndbox>
        <xmin>21.557641784610766</xmin>
        <ymin>0.2687620275160845</ymin>
        <xmax>291.8706583239369</xmax>
        <ymax>163</ymax>
    </bndbox>
</object>
</annotation>
