<annotation verified="yes">
    <folder>Annotation</folder>
    <filename>images%20-%202022-02-02T104626.298.jpg</filename>
    <path>rhesus-PascalVOC-export/Annotations/images%20-%202022-02-02T104626.298.jpg</path>
    <source>
        <database>Unknown</database>
    </source>
    <size>
        <width>275</width>
        <height>183</height>
        <depth>3</depth>
    </size>
    <segmented>0</segmented>
    <object>
    <name>monkey</name>
    <pose>Unspecified</pose>
    <truncated>0</truncated>
    <difficult>0</difficult>
    <bndbox>
        <xmin>64.78628230616302</xmin>
        <ymin>39.09235283011821</ymin>
        <xmax>146.79423459244532</xmax>
        <ymax>158.3974282905237</ymax>
    </bndbox>
</object><object>
    <name>monkey</name>
    <pose>Unspecified</pose>
    <truncated>0</truncated>
    <difficult>0</difficult>
    <bndbox>
        <xmin>162.10238568588468</xmin>
        <ymin>57.44697886225003</ymin>
        <xmax>229.89562624254472</xmax>
        <ymax>160.58250291738938</ymax>
    </bndbox>
</object>
</annotation>
