<annotation verified="yes">
    <folder>Annotation</folder>
    <filename>images%20(33).jpg</filename>
    <path>rhesus-PascalVOC-export/Annotations/images%20(33).jpg</path>
    <source>
        <database>Unknown</database>
    </source>
    <size>
        <width>225</width>
        <height>225</height>
        <depth>3</depth>
    </size>
    <segmented>0</segmented>
    <object>
    <name>monkey</name>
    <pose>Unspecified</pose>
    <truncated>0</truncated>
    <difficult>0</difficult>
    <bndbox>
        <xmin>2.8919510922189486</xmin>
        <ymin>10.932203874749652</ymin>
        <xmax>213.40042372881356</xmax>
        <ymax>225</ymax>
    </bndbox>
</object>
</annotation>
