<annotation verified="yes">
    <folder>Annotation</folder>
    <filename>images%20(3).jpg</filename>
    <path>rhesus-PascalVOC-export/Annotations/images%20(3).jpg</path>
    <source>
        <database>Unknown</database>
    </source>
    <size>
        <width>259</width>
        <height>194</height>
        <depth>3</depth>
    </size>
    <segmented>0</segmented>
    <object>
    <name>monkey</name>
    <pose>Unspecified</pose>
    <truncated>0</truncated>
    <difficult>0</difficult>
    <bndbox>
        <xmin>35.18470693189044</xmin>
        <ymin>19.07118811311021</ymin>
        <xmax>223.32931079824178</xmax>
        <ymax>128.89492194396627</ymax>
    </bndbox>
</object>
</annotation>
