<annotation verified="yes">
    <folder>Annotation</folder>
    <filename>images%20(64).jpg</filename>
    <path>rhesus-PascalVOC-export/Annotations/images%20(64).jpg</path>
    <source>
        <database>Unknown</database>
    </source>
    <size>
        <width>275</width>
        <height>183</height>
        <depth>3</depth>
    </size>
    <segmented>0</segmented>
    <object>
    <name>monkey</name>
    <pose>Unspecified</pose>
    <truncated>0</truncated>
    <difficult>0</difficult>
    <bndbox>
        <xmin>70.88874766701146</xmin>
        <ymin>30.810168702723615</ymin>
        <xmax>211.07673178938097</xmax>
        <ymax>157.35931887869106</ymax>
    </bndbox>
</object>
</annotation>
