<annotation verified="yes">
    <folder>Annotation</folder>
    <filename>images%20(42).jpg</filename>
    <path>rhesus-PascalVOC-export/Annotations/images%20(42).jpg</path>
    <source>
        <database>Unknown</database>
    </source>
    <size>
        <width>225</width>
        <height>225</height>
        <depth>3</depth>
    </size>
    <segmented>0</segmented>
    <object>
    <name>monkey</name>
    <pose>Unspecified</pose>
    <truncated>0</truncated>
    <difficult>0</difficult>
    <bndbox>
        <xmin>4.163137532896915</xmin>
        <ymin>2.796611139329813</ymin>
        <xmax>208.31567796610167</xmax>
        <ymax>217.3728813559322</ymax>
    </bndbox>
</object>
</annotation>
