<annotation verified="yes">
    <folder>Annotation</folder>
    <filename>images%20(18).jpg</filename>
    <path>rhesus-PascalVOC-export/Annotations/images%20(18).jpg</path>
    <source>
        <database>Unknown</database>
    </source>
    <size>
        <width>183</width>
        <height>275</height>
        <depth>3</depth>
    </size>
    <segmented>0</segmented>
    <object>
    <name>monkey</name>
    <pose>Unspecified</pose>
    <truncated>0</truncated>
    <difficult>0</difficult>
    <bndbox>
        <xmin>2.9043135916351512</xmin>
        <ymin>3.1073446327683616</ymin>
        <xmax>173.23805732484078</xmax>
        <ymax>274.3785405563096</ymax>
    </bndbox>
</object>
</annotation>
