<annotation verified="yes">
    <folder>Annotation</folder>
    <filename>images%20(29).jpg</filename>
    <path>rhesus-PascalVOC-export/Annotations/images%20(29).jpg</path>
    <source>
        <database>Unknown</database>
    </source>
    <size>
        <width>300</width>
        <height>168</height>
        <depth>3</depth>
    </size>
    <segmented>0</segmented>
    <object>
    <name>monkey</name>
    <pose>Unspecified</pose>
    <truncated>0</truncated>
    <difficult>0</difficult>
    <bndbox>
        <xmin>24.686040762103154</xmin>
        <ymin>6.731938084631062</ymin>
        <xmax>290.5529590667468</xmax>
        <ymax>151.9198988082018</ymax>
    </bndbox>
</object>
</annotation>
