<annotation verified="yes">
    <folder>Annotation</folder>
    <filename>images%20-%202022-02-02T104626.403.jpg</filename>
    <path>rhesus-PascalVOC-export/Annotations/images%20-%202022-02-02T104626.403.jpg</path>
    <source>
        <database>Unknown</database>
    </source>
    <size>
        <width>326</width>
        <height>154</height>
        <depth>3</depth>
    </size>
    <segmented>0</segmented>
    <object>
    <name>monkey</name>
    <pose>Unspecified</pose>
    <truncated>0</truncated>
    <difficult>0</difficult>
    <bndbox>
        <xmin>156.3892762807918</xmin>
        <ymin>11.290630589535361</ymin>
        <xmax>326</xmax>
        <ymax>154</ymax>
    </bndbox>
</object><object>
    <name>monkey</name>
    <pose>Unspecified</pose>
    <truncated>0</truncated>
    <difficult>0</difficult>
    <bndbox>
        <xmin>7.064419452523142</xmin>
        <ymin>1.4346325683593748</ymin>
        <xmax>143.6862902176783</xmax>
        <ymax>142.79041709498355</ymax>
    </bndbox>
</object>
</annotation>
