<annotation verified="yes">
    <folder>Annotation</folder>
    <filename>images%20-%202022-02-02T104626.350.jpg</filename>
    <path>rhesus-PascalVOC-export/Annotations/images%20-%202022-02-02T104626.350.jpg</path>
    <source>
        <database>Unknown</database>
    </source>
    <size>
        <width>282</width>
        <height>179</height>
        <depth>3</depth>
    </size>
    <segmented>0</segmented>
    <object>
    <name>monkey</name>
    <pose>Unspecified</pose>
    <truncated>0</truncated>
    <difficult>0</difficult>
    <bndbox>
        <xmin>83.70299237291098</xmin>
        <ymin>5.074706540959756</ymin>
        <xmax>251.22109408975837</xmax>
        <ymax>164.43520382728698</ymax>
    </bndbox>
</object>
</annotation>
