<annotation verified="yes">
    <folder>Annotation</folder>
    <filename>images%20(62).jpg</filename>
    <path>rhesus-PascalVOC-export/Annotations/images%20(62).jpg</path>
    <source>
        <database>Unknown</database>
    </source>
    <size>
        <width>251</width>
        <height>201</height>
        <depth>3</depth>
    </size>
    <segmented>0</segmented>
    <object>
    <name>monkey</name>
    <pose>Unspecified</pose>
    <truncated>0</truncated>
    <difficult>0</difficult>
    <bndbox>
        <xmin>21.454963235294116</xmin>
        <ymin>107.20000173277775</ymin>
        <xmax>96.86854829399833</xmax>
        <ymax>201</ymax>
    </bndbox>
</object><object>
    <name>monkey</name>
    <pose>Unspecified</pose>
    <truncated>0</truncated>
    <difficult>0</difficult>
    <bndbox>
        <xmin>149.56718389588784</xmin>
        <ymin>34.52203563108283</ymin>
        <xmax>242.47125976010147</xmax>
        <ymax>197.82033551749538</ymax>
    </bndbox>
</object>
</annotation>
