<annotation verified="yes">
    <folder>Annotation</folder>
    <filename>images%20(13).jpg</filename>
    <path>rhesus-PascalVOC-export/Annotations/images%20(13).jpg</path>
    <source>
        <database>Unknown</database>
    </source>
    <size>
        <width>259</width>
        <height>194</height>
        <depth>3</depth>
    </size>
    <segmented>0</segmented>
    <object>
    <name>monkey</name>
    <pose>Unspecified</pose>
    <truncated>0</truncated>
    <difficult>0</difficult>
    <bndbox>
        <xmin>30.804157249015176</xmin>
        <ymin>13.371752248645501</ymin>
        <xmax>224.4244482189606</xmax>
        <ymax>188.5197740112994</ymax>
    </bndbox>
</object>
</annotation>
