<annotation verified="yes">
    <folder>Annotation</folder>
    <filename>images%20(80).jpg</filename>
    <path>rhesus-PascalVOC-export/Annotations/images%20(80).jpg</path>
    <source>
        <database>Unknown</database>
    </source>
    <size>
        <width>183</width>
        <height>275</height>
        <depth>3</depth>
    </size>
    <segmented>0</segmented>
    <object>
    <name>monkey</name>
    <pose>Unspecified</pose>
    <truncated>0</truncated>
    <difficult>0</difficult>
    <bndbox>
        <xmin>30.140609838400678</xmin>
        <ymin>20.19774011299435</ymin>
        <xmax>169.39157473813196</xmax>
        <ymax>252.31639840508586</ymax>
    </bndbox>
</object>
</annotation>
