<annotation verified="yes">
    <folder>Annotation</folder>
    <filename>images%20(58).jpg</filename>
    <path>rhesus-PascalVOC-export/Annotations/images%20(58).jpg</path>
    <source>
        <database>Unknown</database>
    </source>
    <size>
        <width>275</width>
        <height>183</height>
        <depth>3</depth>
    </size>
    <segmented>0</segmented>
    <object>
    <name>monkey</name>
    <pose>Unspecified</pose>
    <truncated>0</truncated>
    <difficult>0</difficult>
    <bndbox>
        <xmin>45.45641052991824</xmin>
        <ymin>12.613560110835705</ymin>
        <xmax>231.54664398135992</xmax>
        <ymax>158.60000946562167</ymax>
    </bndbox>
</object>
</annotation>
