<annotation verified="yes">
    <folder>Annotation</folder>
    <filename>imageshrtedfg.jpg</filename>
    <path>rhesus-PascalVOC-export/Annotations/imageshrtedfg.jpg</path>
    <source>
        <database>Unknown</database>
    </source>
    <size>
        <width>194</width>
        <height>259</height>
        <depth>3</depth>
    </size>
    <segmented>0</segmented>
    <object>
    <name>monkey</name>
    <pose>Unspecified</pose>
    <truncated>0</truncated>
    <difficult>0</difficult>
    <bndbox>
        <xmin>35.71155660377358</xmin>
        <ymin>51.21468926553672</ymin>
        <xmax>159.2858872899469</xmax>
        <ymax>247.29378531073445</ymax>
    </bndbox>
</object>
</annotation>
