<annotation verified="yes">
    <folder>Annotation</folder>
    <filename>images%20-%202022-02-02T104626.369.jpg</filename>
    <path>rhesus-PascalVOC-export/Annotations/images%20-%202022-02-02T104626.369.jpg</path>
    <source>
        <database>Unknown</database>
    </source>
    <size>
        <width>259</width>
        <height>194</height>
        <depth>3</depth>
    </size>
    <segmented>0</segmented>
    <object>
    <name>monkey</name>
    <pose>Unspecified</pose>
    <truncated>0</truncated>
    <difficult>0</difficult>
    <bndbox>
        <xmin>118.33302729729618</xmin>
        <ymin>21.26327850859044</ymin>
        <xmax>254.89323467230443</xmax>
        <ymax>187.97175141242937</ymax>
    </bndbox>
</object><object>
    <name>monkey</name>
    <pose>Unspecified</pose>
    <truncated>0</truncated>
    <difficult>0</difficult>
    <bndbox>
        <xmin>91.66642441860465</xmin>
        <ymin>86.58757062146891</ymin>
        <xmax>192.4190671247357</xmax>
        <ymax>170.54463945809053</ymax>
    </bndbox>
</object>
</annotation>
