<annotation verified="yes">
    <folder>Annotation</folder>
    <filename>images%20(100).jpg</filename>
    <path>rhesus-PascalVOC-export/Annotations/images%20(100).jpg</path>
    <source>
        <database>Unknown</database>
    </source>
    <size>
        <width>259</width>
        <height>194</height>
        <depth>3</depth>
    </size>
    <segmented>0</segmented>
    <object>
    <name>monkey</name>
    <pose>Unspecified</pose>
    <truncated>0</truncated>
    <difficult>0</difficult>
    <bndbox>
        <xmin>51.3927441006231</xmin>
        <ymin>11.398871728929421</ymin>
        <xmax>144.91748150105707</xmax>
        <ymax>167.25650386487024</ymax>
    </bndbox>
</object><object>
    <name>monkey</name>
    <pose>Unspecified</pose>
    <truncated>0</truncated>
    <difficult>0</difficult>
    <bndbox>
        <xmin>96.51241084737958</xmin>
        <ymin>76.06553839559608</ymin>
        <xmax>183.24729122621562</xmax>
        <ymax>179.53220673469497</ymax>
    </bndbox>
</object>
</annotation>
