<annotation verified="yes">
    <folder>Annotation</folder>
    <filename>images%20-%202022-02-02T104626.384.jpg</filename>
    <path>rhesus-PascalVOC-export/Annotations/images%20-%202022-02-02T104626.384.jpg</path>
    <source>
        <database>Unknown</database>
    </source>
    <size>
        <width>245</width>
        <height>205</height>
        <depth>3</depth>
    </size>
    <segmented>0</segmented>
    <object>
    <name>monkey</name>
    <pose>Unspecified</pose>
    <truncated>0</truncated>
    <difficult>0</difficult>
    <bndbox>
        <xmin>58.46260936547678</xmin>
        <ymin>42.158193857656364</ymin>
        <xmax>202.5666388834058</xmax>
        <ymax>195.50282839327883</ymax>
    </bndbox>
</object>
</annotation>
