<annotation verified="yes">
    <folder>Annotation</folder>
    <filename>images%20(85).jpg</filename>
    <path>rhesus-PascalVOC-export/Annotations/images%20(85).jpg</path>
    <source>
        <database>Unknown</database>
    </source>
    <size>
        <width>290</width>
        <height>174</height>
        <depth>3</depth>
    </size>
    <segmented>0</segmented>
    <object>
    <name>monkey</name>
    <pose>Unspecified</pose>
    <truncated>0</truncated>
    <difficult>0</difficult>
    <bndbox>
        <xmin>65.32206935389615</xmin>
        <ymin>21.60596026490066</ymin>
        <xmax>143.5009905168598</xmax>
        <ymax>117.70926888573247</ymax>
    </bndbox>
</object><object>
    <name>monkey</name>
    <pose>Unspecified</pose>
    <truncated>0</truncated>
    <difficult>0</difficult>
    <bndbox>
        <xmin>28.42346100399556</xmin>
        <ymin>63.089408369253796</ymin>
        <xmax>92.30417846922373</xmax>
        <ymax>142.82980220365206</ymax>
    </bndbox>
</object>
</annotation>
