<annotation verified="yes">
    <folder>Annotation</folder>
    <filename>images%20(46).jpg</filename>
    <path>rhesus-PascalVOC-export/Annotations/images%20(46).jpg</path>
    <source>
        <database>Unknown</database>
    </source>
    <size>
        <width>275</width>
        <height>183</height>
        <depth>3</depth>
    </size>
    <segmented>0</segmented>
    <object>
    <name>monkey</name>
    <pose>Unspecified</pose>
    <truncated>0</truncated>
    <difficult>0</difficult>
    <bndbox>
        <xmin>3.6894956029447394</xmin>
        <ymin>1.6542376825364968</ymin>
        <xmax>256.15189451920355</xmax>
        <ymax>182.99999999999997</ymax>
    </bndbox>
</object>
</annotation>
