<annotation verified="yes">
    <folder>Annotation</folder>
    <filename>images%20-%202022-02-02T104625.855.jpg</filename>
    <path>rhesus-PascalVOC-export/Annotations/images%20-%202022-02-02T104625.855.jpg</path>
    <source>
        <database>Unknown</database>
    </source>
    <size>
        <width>199</width>
        <height>254</height>
        <depth>3</depth>
    </size>
    <segmented>0</segmented>
    <object>
    <name>monkey</name>
    <pose>Unspecified</pose>
    <truncated>0</truncated>
    <difficult>0</difficult>
    <bndbox>
        <xmin>45.74485778808594</xmin>
        <ymin>24.10847348143152</ymin>
        <xmax>162.41488950433285</xmax>
        <ymax>241.94577147058178</ymax>
    </bndbox>
</object>
</annotation>
