<annotation verified="yes">
    <folder>Annotation</folder>
    <filename>images%20(37).jpg</filename>
    <path>rhesus-PascalVOC-export/Annotations/images%20(37).jpg</path>
    <source>
        <database>Unknown</database>
    </source>
    <size>
        <width>272</width>
        <height>154</height>
        <depth>3</depth>
    </size>
    <segmented>0</segmented>
    <object>
    <name>monkey</name>
    <pose>Unspecified</pose>
    <truncated>0</truncated>
    <difficult>0</difficult>
    <bndbox>
        <xmin>25.441054339708295</xmin>
        <ymin>53.04904801324504</ymin>
        <xmax>101.50928146233599</xmax>
        <ymax>154</ymax>
    </bndbox>
</object><object>
    <name>monkey</name>
    <pose>Unspecified</pose>
    <truncated>0</truncated>
    <difficult>0</difficult>
    <bndbox>
        <xmin>103.14077784530225</xmin>
        <ymin>1.6477258442253468</ymin>
        <xmax>253.4418181085989</xmax>
        <ymax>154</ymax>
    </bndbox>
</object>
</annotation>
