<annotation verified="yes">
    <folder>Annotation</folder>
    <filename>images%20(99).jpg</filename>
    <path>rhesus-PascalVOC-export/Annotations/images%20(99).jpg</path>
    <source>
        <database>Unknown</database>
    </source>
    <size>
        <width>275</width>
        <height>183</height>
        <depth>3</depth>
    </size>
    <segmented>0</segmented>
    <object>
    <name>monkey</name>
    <pose>Unspecified</pose>
    <truncated>0</truncated>
    <difficult>0</difficult>
    <bndbox>
        <xmin>1.3667992047713717</xmin>
        <ymin>69.901905902464</ymin>
        <xmax>176.75448317177018</xmax>
        <ymax>174.78548799201621</ymax>
    </bndbox>
</object><object>
    <name>monkey</name>
    <pose>Unspecified</pose>
    <truncated>0</truncated>
    <difficult>0</difficult>
    <bndbox>
        <xmin>45.104373757455264</xmin>
        <ymin>3.257127699211462</ymin>
        <xmax>275</xmax>
        <ymax>179.81116630212583</ymax>
    </bndbox>
</object>
</annotation>
