<annotation verified="yes">
    <folder>Annotation</folder>
    <filename>images%20-%202022-02-02T104626.205.jpg</filename>
    <path>rhesus-PascalVOC-export/Annotations/images%20-%202022-02-02T104626.205.jpg</path>
    <source>
        <database>Unknown</database>
    </source>
    <size>
        <width>217</width>
        <height>232</height>
        <depth>3</depth>
    </size>
    <segmented>0</segmented>
    <object>
    <name>monkey</name>
    <pose>Unspecified</pose>
    <truncated>0</truncated>
    <difficult>0</difficult>
    <bndbox>
        <xmin>40.2244981840658</xmin>
        <ymin>33.030509474587305</ymin>
        <xmax>186.55197862700032</xmax>
        <ymax>181.66780461025775</ymax>
    </bndbox>
</object>
</annotation>
