<annotation verified="yes">
    <folder>Annotation</folder>
    <filename>images%20-%202022-02-02T104626.366.jpg</filename>
    <path>rhesus-PascalVOC-export/Annotations/images%20-%202022-02-02T104626.366.jpg</path>
    <source>
        <database>Unknown</database>
    </source>
    <size>
        <width>275</width>
        <height>183</height>
        <depth>3</depth>
    </size>
    <segmented>0</segmented>
    <object>
    <name>monkey</name>
    <pose>Unspecified</pose>
    <truncated>0</truncated>
    <difficult>0</difficult>
    <bndbox>
        <xmin>86.65506958250496</xmin>
        <ymin>3.694142207814686</ymin>
        <xmax>218.74256475308306</xmax>
        <ymax>170.63384286681216</ymax>
    </bndbox>
</object><object>
    <name>monkey</name>
    <pose>Unspecified</pose>
    <truncated>0</truncated>
    <difficult>0</difficult>
    <bndbox>
        <xmin>79.87574886375108</xmin>
        <ymin>80.82727903679235</ymin>
        <xmax>237.76840300967632</xmax>
        <ymax>126.93235032949875</ymax>
    </bndbox>
</object>
</annotation>
