<annotation verified="yes">
    <folder>Annotation</folder>
    <filename>images%20-%202022-02-02T104626.062.jpg</filename>
    <path>rhesus-PascalVOC-export/Annotations/images%20-%202022-02-02T104626.062.jpg</path>
    <source>
        <database>Unknown</database>
    </source>
    <size>
        <width>300</width>
        <height>168</height>
        <depth>3</depth>
    </size>
    <segmented>0</segmented>
    <object>
    <name>monkey</name>
    <pose>Unspecified</pose>
    <truncated>0</truncated>
    <difficult>0</difficult>
    <bndbox>
        <xmin>35.129230112489125</xmin>
        <ymin>45.97992713074489</ymin>
        <xmax>152.26641251126057</xmax>
        <ymax>159.61119369588144</ymax>
    </bndbox>
</object><object>
    <name>monkey</name>
    <pose>Unspecified</pose>
    <truncated>0</truncated>
    <difficult>0</difficult>
    <bndbox>
        <xmin>71.63022232814053</xmin>
        <ymin>5.3973384335451815</ymin>
        <xmax>158.94632206759442</xmax>
        <ymax>80.35577446783415</ymax>
    </bndbox>
</object>
</annotation>
