<annotation verified="yes">
    <folder>Annotation</folder>
    <filename>images%20(83).jpg</filename>
    <path>rhesus-PascalVOC-export/Annotations/images%20(83).jpg</path>
    <source>
        <database>Unknown</database>
    </source>
    <size>
        <width>275</width>
        <height>183</height>
        <depth>3</depth>
    </size>
    <segmented>0</segmented>
    <object>
    <name>monkey</name>
    <pose>Unspecified</pose>
    <truncated>0</truncated>
    <difficult>0</difficult>
    <bndbox>
        <xmin>73.971182972963</xmin>
        <ymin>23.796830442058507</ymin>
        <xmax>156.8538734026505</xmax>
        <ymax>101.36697552809075</ymax>
    </bndbox>
</object><object>
    <name>monkey</name>
    <pose>Unspecified</pose>
    <truncated>0</truncated>
    <difficult>0</difficult>
    <bndbox>
        <xmin>61.72465709284333</xmin>
        <ymin>47.395638912827216</ymin>
        <xmax>245.64114640768668</xmax>
        <ymax>168.8857931677975</ymax>
    </bndbox>
</object>
</annotation>
