<annotation verified="yes">
    <folder>Annotation</folder>
    <filename>images_2.jpg</filename>
    <path>rhesus-PascalVOC-export/Annotations/images_2.jpg</path>
    <source>
        <database>Unknown</database>
    </source>
    <size>
        <width>248</width>
        <height>203</height>
        <depth>3</depth>
    </size>
    <segmented>0</segmented>
    <object>
    <name>monkey</name>
    <pose>Unspecified</pose>
    <truncated>0</truncated>
    <difficult>0</difficult>
    <bndbox>
        <xmin>50.71099140850795</xmin>
        <ymin>13.303957427288852</ymin>
        <xmax>200.2564179348808</xmax>
        <ymax>193.36610869499248</ymax>
    </bndbox>
</object>
</annotation>
