<annotation verified="yes">
    <folder>Annotation</folder>
    <filename>images%20(45).jpg</filename>
    <path>rhesus-PascalVOC-export/Annotations/images%20(45).jpg</path>
    <source>
        <database>Unknown</database>
    </source>
    <size>
        <width>259</width>
        <height>194</height>
        <depth>3</depth>
    </size>
    <segmented>0</segmented>
    <object>
    <name>monkey</name>
    <pose>Unspecified</pose>
    <truncated>0</truncated>
    <difficult>0</difficult>
    <bndbox>
        <xmin>18.757645621108203</xmin>
        <ymin>42.088137265652584</ymin>
        <xmax>103.0832353716925</xmax>
        <ymax>178.43616153695487</ymax>
    </bndbox>
</object><object>
    <name>monkey</name>
    <pose>Unspecified</pose>
    <truncated>0</truncated>
    <difficult>0</difficult>
    <bndbox>
        <xmin>108.1208574807165</xmin>
        <ymin>30.908475412487306</ymin>
        <xmax>157.18301727101363</xmax>
        <ymax>182.3819309385483</ymax>
    </bndbox>
</object><object>
    <name>monkey</name>
    <pose>Unspecified</pose>
    <truncated>0</truncated>
    <difficult>0</difficult>
    <bndbox>
        <xmin>136.15638213530656</xmin>
        <ymin>14.02937769485732</ymin>
        <xmax>230.7762653116948</xmax>
        <ymax>151.91187109650863</ymax>
    </bndbox>
</object>
</annotation>
