<annotation verified="yes">
    <folder>Annotation</folder>
    <filename>images%20(91).jpg</filename>
    <path>rhesus-PascalVOC-export/Annotations/images%20(91).jpg</path>
    <source>
        <database>Unknown</database>
    </source>
    <size>
        <width>100</width>
        <height>100</height>
        <depth>3</depth>
    </size>
    <segmented>0</segmented>
    <object>
    <name>monkey</name>
    <pose>Unspecified</pose>
    <truncated>0</truncated>
    <difficult>0</difficult>
    <bndbox>
        <xmin>13.559322033898304</xmin>
        <ymin>2.2598870056497176</ymin>
        <xmax>84.18079096045199</xmax>
        <ymax>84.40678483348782</ymax>
    </bndbox>
</object>
</annotation>
