<annotation verified="yes">
    <folder>Annotation</folder>
    <filename>images%20(14).jpg</filename>
    <path>rhesus-PascalVOC-export/Annotations/images%20(14).jpg</path>
    <source>
        <database>Unknown</database>
    </source>
    <size>
        <width>189</width>
        <height>267</height>
        <depth>3</depth>
    </size>
    <segmented>0</segmented>
    <object>
    <name>monkey</name>
    <pose>Unspecified</pose>
    <truncated>0</truncated>
    <difficult>0</difficult>
    <bndbox>
        <xmin>32.92881966779332</xmin>
        <ymin>11.766103421227406</ymin>
        <xmax>177.18751151261927</xmax>
        <ymax>236.22712785106594</ymax>
    </bndbox>
</object>
</annotation>
