<annotation verified="yes">
    <folder>Annotation</folder>
    <filename>images%20-%202022-02-02T104626.241.jpg</filename>
    <path>rhesus-PascalVOC-export/Annotations/images%20-%202022-02-02T104626.241.jpg</path>
    <source>
        <database>Unknown</database>
    </source>
    <size>
        <width>275</width>
        <height>183</height>
        <depth>3</depth>
    </size>
    <segmented>0</segmented>
    <object>
    <name>monkey</name>
    <pose>Unspecified</pose>
    <truncated>0</truncated>
    <difficult>0</difficult>
    <bndbox>
        <xmin>68.50398615387752</xmin>
        <ymin>37.12578233177982</ymin>
        <xmax>115.740563333864</xmax>
        <ymax>152.49773346630494</ymax>
    </bndbox>
</object><object>
    <name>monkey</name>
    <pose>Unspecified</pose>
    <truncated>0</truncated>
    <difficult>0</difficult>
    <bndbox>
        <xmin>86.87375411835626</xmin>
        <ymin>70.77593075197134</ymin>
        <xmax>132.57952286282307</xmax>
        <ymax>136.76518615039427</ymax>
    </bndbox>
</object><object>
    <name>monkey</name>
    <pose>Unspecified</pose>
    <truncated>0</truncated>
    <difficult>0</difficult>
    <bndbox>
        <xmin>123.61332341643498</xmin>
        <ymin>33.84817039148131</ymin>
        <xmax>244.5477070438696</xmax>
        <ymax>169.10429729632477</ymax>
    </bndbox>
</object>
</annotation>
