<annotation verified="yes">
    <folder>Annotation</folder>
    <filename>images%20(15).jpg</filename>
    <path>rhesus-PascalVOC-export/Annotations/images%20(15).jpg</path>
    <source>
        <database>Unknown</database>
    </source>
    <size>
        <width>100</width>
        <height>100</height>
        <depth>3</depth>
    </size>
    <segmented>0</segmented>
    <object>
    <name>monkey</name>
    <pose>Unspecified</pose>
    <truncated>0</truncated>
    <difficult>0</difficult>
    <bndbox>
        <xmin>1.7372907218286546</xmin>
        <ymin>0</ymin>
        <xmax>98.68645102290785</xmax>
        <ymax>96.72316211765096</ymax>
    </bndbox>
</object>
</annotation>
