<annotation verified="yes">
    <folder>Annotation</folder>
    <filename>images.jpg</filename>
    <path>rhesus-PascalVOC-export/Annotations/images.jpg</path>
    <source>
        <database>Unknown</database>
    </source>
    <size>
        <width>265</width>
        <height>190</height>
        <depth>3</depth>
    </size>
    <segmented>0</segmented>
    <object>
    <name>monkey</name>
    <pose>Unspecified</pose>
    <truncated>0</truncated>
    <difficult>0</difficult>
    <bndbox>
        <xmin>15.179776208137426</xmin>
        <ymin>0</ymin>
        <xmax>225.67623830252262</xmax>
        <ymax>166.38418079096047</ymax>
    </bndbox>
</object>
</annotation>
