<annotation verified="yes">
    <folder>Annotation</folder>
    <filename>images%20-%202022-02-02T104626.391.jpg</filename>
    <path>rhesus-PascalVOC-export/Annotations/images%20-%202022-02-02T104626.391.jpg</path>
    <source>
        <database>Unknown</database>
    </source>
    <size>
        <width>177</width>
        <height>285</height>
        <depth>3</depth>
    </size>
    <segmented>0</segmented>
    <object>
    <name>monkey</name>
    <pose>Unspecified</pose>
    <truncated>0</truncated>
    <difficult>0</difficult>
    <bndbox>
        <xmin>10.725586769797586</xmin>
        <ymin>6.76271309286861</ymin>
        <xmax>172.60014204545456</xmax>
        <ymax>244.10170474294887</ymax>
    </bndbox>
</object>
</annotation>
