<annotation verified="yes">
    <folder>Annotation</folder>
    <filename>images%20-%202022-02-02T104625.856.jpg</filename>
    <path>rhesus-PascalVOC-export/Annotations/images%20-%202022-02-02T104625.856.jpg</path>
    <source>
        <database>Unknown</database>
    </source>
    <size>
        <width>300</width>
        <height>168</height>
        <depth>3</depth>
    </size>
    <segmented>0</segmented>
    <object>
    <name>monkey</name>
    <pose>Unspecified</pose>
    <truncated>0</truncated>
    <difficult>0</difficult>
    <bndbox>
        <xmin>42.6441351888668</xmin>
        <ymin>0.3841936507826355</ymin>
        <xmax>194.8509019127423</xmax>
        <ymax>107.33126110124333</ymax>
    </bndbox>
</object><object>
    <name>monkey</name>
    <pose>Unspecified</pose>
    <truncated>0</truncated>
    <difficult>0</difficult>
    <bndbox>
        <xmin>33.22067412420011</xmin>
        <ymin>96.82753654737455</ymin>
        <xmax>188.52883067804112</xmax>
        <ymax>168</ymax>
    </bndbox>
</object>
</annotation>
