<annotation verified="yes">
    <folder>Annotation</folder>
    <filename>images%20(90).jpg</filename>
    <path>rhesus-PascalVOC-export/Annotations/images%20(90).jpg</path>
    <source>
        <database>Unknown</database>
    </source>
    <size>
        <width>299</width>
        <height>168</height>
        <depth>3</depth>
    </size>
    <segmented>0</segmented>
    <object>
    <name>monkey</name>
    <pose>Unspecified</pose>
    <truncated>0</truncated>
    <difficult>0</difficult>
    <bndbox>
        <xmin>26.214516550598752</xmin>
        <ymin>7.071730542941144</ymin>
        <xmax>121.08609075527306</xmax>
        <ymax>168</ymax>
    </bndbox>
</object><object>
    <name>monkey</name>
    <pose>Unspecified</pose>
    <truncated>0</truncated>
    <difficult>0</difficult>
    <bndbox>
        <xmin>139.15686247505204</xmin>
        <ymin>33.191876414807865</ymin>
        <xmax>283.0097633194971</xmax>
        <ymax>154.0568977059408</ymax>
    </bndbox>
</object>
</annotation>
