<annotation verified="yes">
    <folder>Annotation</folder>
    <filename>images%20(26).jpg</filename>
    <path>rhesus-PascalVOC-export/Annotations/images%20(26).jpg</path>
    <source>
        <database>Unknown</database>
    </source>
    <size>
        <width>261</width>
        <height>193</height>
        <depth>3</depth>
    </size>
    <segmented>0</segmented>
    <object>
    <name>monkey</name>
    <pose>Unspecified</pose>
    <truncated>0</truncated>
    <difficult>0</difficult>
    <bndbox>
        <xmin>36.245082560561144</xmin>
        <ymin>14.82938102679064</ymin>
        <xmax>210.17244616928576</xmax>
        <ymax>193</ymax>
    </bndbox>
</object>
</annotation>
