<annotation verified="yes">
    <folder>Annotation</folder>
    <filename>imagesaodsid.jpg</filename>
    <path>rhesus-PascalVOC-export/Annotations/imagesaodsid.jpg</path>
    <source>
        <database>Unknown</database>
    </source>
    <size>
        <width>300</width>
        <height>168</height>
        <depth>3</depth>
    </size>
    <segmented>0</segmented>
    <object>
    <name>monkey</name>
    <pose>Unspecified</pose>
    <truncated>0</truncated>
    <difficult>0</difficult>
    <bndbox>
        <xmin>57.55467196819085</xmin>
        <ymin>39.773181217390096</ymin>
        <xmax>161.09344300408486</xmax>
        <ymax>148.39130755300843</ymax>
    </bndbox>
</object><object>
    <name>monkey</name>
    <pose>Unspecified</pose>
    <truncated>0</truncated>
    <difficult>0</difficult>
    <bndbox>
        <xmin>138.9065569959151</xmin>
        <ymin>6.1135000225494</ymin>
        <xmax>282.76344132470797</xmax>
        <ymax>155.31420594887877</ymax>
    </bndbox>
</object>
</annotation>
