<annotation verified="yes">
    <folder>Annotation</folder>
    <filename>images%20(34).jpg</filename>
    <path>rhesus-PascalVOC-export/Annotations/images%20(34).jpg</path>
    <source>
        <database>Unknown</database>
    </source>
    <size>
        <width>100</width>
        <height>100</height>
        <depth>3</depth>
    </size>
    <segmented>0</segmented>
    <object>
    <name>monkey</name>
    <pose>Unspecified</pose>
    <truncated>0</truncated>
    <difficult>0</difficult>
    <bndbox>
        <xmin>4.5621494788908015</xmin>
        <ymin>10.508475869388905</ymin>
        <xmax>96.87853452176024</xmax>
        <ymax>93.89830336058881</ymax>
    </bndbox>
</object>
</annotation>
