<annotation verified="yes">
    <folder>Annotation</folder>
    <filename>images%20(23).jpg</filename>
    <path>rhesus-PascalVOC-export/Annotations/images%20(23).jpg</path>
    <source>
        <database>Unknown</database>
    </source>
    <size>
        <width>275</width>
        <height>183</height>
        <depth>3</depth>
    </size>
    <segmented>0</segmented>
    <object>
    <name>monkey</name>
    <pose>Unspecified</pose>
    <truncated>0</truncated>
    <difficult>0</difficult>
    <bndbox>
        <xmin>45.66318217973063</xmin>
        <ymin>20.05762869624768</ymin>
        <xmax>261.52784698887876</xmax>
        <ymax>161.90848088668565</ymax>
    </bndbox>
</object>
</annotation>
