<annotation verified="yes">
    <folder>Annotation</folder>
    <filename>images%20(1).jpg</filename>
    <path>rhesus-PascalVOC-export/Annotations/images%20(1).jpg</path>
    <source>
        <database>Unknown</database>
    </source>
    <size>
        <width>225</width>
        <height>225</height>
        <depth>3</depth>
    </size>
    <segmented>0</segmented>
    <object>
    <name>monkey</name>
    <pose>Unspecified</pose>
    <truncated>0</truncated>
    <difficult>0</difficult>
    <bndbox>
        <xmin>28.061446496995828</xmin>
        <ymin>13.728812589483745</ymin>
        <xmax>197.89195303189553</xmax>
        <ymax>182.54238064006222</ymax>
    </bndbox>
</object>
</annotation>
