<annotation verified="yes">
    <folder>Annotation</folder>
    <filename>images%20(39).jpg</filename>
    <path>rhesus-PascalVOC-export/Annotations/images%20(39).jpg</path>
    <source>
        <database>Unknown</database>
    </source>
    <size>
        <width>183</width>
        <height>275</height>
        <depth>3</depth>
    </size>
    <segmented>0</segmented>
    <object>
    <name>monkey</name>
    <pose>Unspecified</pose>
    <truncated>0</truncated>
    <difficult>0</difficult>
    <bndbox>
        <xmin>40.592211680807125</xmin>
        <ymin>31.927964916337007</ymin>
        <xmax>158.70686136233581</xmax>
        <ymax>267.77543321167684</ymax>
    </bndbox>
</object>
</annotation>
