<annotation verified="yes">
    <folder>Annotation</folder>
    <filename>images%20-%202022-02-02T104626.337.jpg</filename>
    <path>rhesus-PascalVOC-export/Annotations/images%20-%202022-02-02T104626.337.jpg</path>
    <source>
        <database>Unknown</database>
    </source>
    <size>
        <width>259</width>
        <height>194</height>
        <depth>3</depth>
    </size>
    <segmented>0</segmented>
    <object>
    <name>monkey</name>
    <pose>Unspecified</pose>
    <truncated>0</truncated>
    <difficult>0</difficult>
    <bndbox>
        <xmin>49.77741807610993</xmin>
        <ymin>39.23841724287992</ymin>
        <xmax>105.84845067481913</xmax>
        <ymax>149.2813525873389</ymax>
    </bndbox>
</object><object>
    <name>monkey</name>
    <pose>Unspecified</pose>
    <truncated>0</truncated>
    <difficult>0</difficult>
    <bndbox>
        <xmin>107.60067723215761</xmin>
        <ymin>45.15706716418939</ymin>
        <xmax>162.576572410148</xmax>
        <ymax>130.86780664476296</ymax>
    </bndbox>
</object><object>
    <name>monkey</name>
    <pose>Unspecified</pose>
    <truncated>0</truncated>
    <difficult>0</difficult>
    <bndbox>
        <xmin>164.10975811496596</xmin>
        <ymin>76.50395814712438</ymin>
        <xmax>229.59897921604534</xmax>
        <ymax>134.59435362735036</ymax>
    </bndbox>
</object>
</annotation>
