<annotation verified="yes">
    <folder>Annotation</folder>
    <filename>juyjhgjfjghj.jpg</filename>
    <path>rhesus-PascalVOC-export/Annotations/juyjhgjfjghj.jpg</path>
    <source>
        <database>Unknown</database>
    </source>
    <size>
        <width>275</width>
        <height>183</height>
        <depth>3</depth>
    </size>
    <segmented>0</segmented>
    <object>
    <name>monkey</name>
    <pose>Unspecified</pose>
    <truncated>0</truncated>
    <difficult>0</difficult>
    <bndbox>
        <xmin>61.72465709284333</xmin>
        <ymin>29.915037730202744</ymin>
        <xmax>142.20179260132562</xmax>
        <ymax>159.48996560395653</ymax>
    </bndbox>
</object>
</annotation>
