<annotation verified="yes">
    <folder>Annotation</folder>
    <filename>jytjgjtrj.jpg</filename>
    <path>rhesus-PascalVOC-export/Annotations/jytjgjtrj.jpg</path>
    <source>
        <database>Unknown</database>
    </source>
    <size>
        <width>300</width>
        <height>168</height>
        <depth>3</depth>
    </size>
    <segmented>0</segmented>
    <object>
    <name>monkey</name>
    <pose>Unspecified</pose>
    <truncated>0</truncated>
    <difficult>0</difficult>
    <bndbox>
        <xmin>71.63022232814053</xmin>
        <ymin>10.887922757895758</ymin>
        <xmax>263.6779542471732</xmax>
        <ymax>167.99999999999997</ymax>
    </bndbox>
</object>
</annotation>
