<annotation verified="yes">
    <folder>Annotation</folder>
    <filename>LSZwaWQ9QXBp%20(1).jpg</filename>
    <path>rhesus-PascalVOC-export/Annotations/LSZwaWQ9QXBp%20(1).jpg</path>
    <source>
        <database>Unknown</database>
    </source>
    <size>
        <width>335</width>
        <height>225</height>
        <depth>3</depth>
    </size>
    <segmented>0</segmented>
    <object>
    <name>monkey</name>
    <pose>Unspecified</pose>
    <truncated>0</truncated>
    <difficult>0</difficult>
    <bndbox>
        <xmin>14.718691937729092</xmin>
        <ymin>3.939996809649044</ymin>
        <xmax>335</xmax>
        <ymax>220.68556300281773</ymax>
    </bndbox>
</object>
</annotation>
