<annotation verified="yes">
    <folder>Annotation</folder>
    <filename>LSZwaWQ9QXBp.jpg</filename>
    <path>rhesus-PascalVOC-export/Annotations/LSZwaWQ9QXBp.jpg</path>
    <source>
        <database>Unknown</database>
    </source>
    <size>
        <width>335</width>
        <height>225</height>
        <depth>3</depth>
    </size>
    <segmented>0</segmented>
    <object>
    <name>monkey</name>
    <pose>Unspecified</pose>
    <truncated>0</truncated>
    <difficult>0</difficult>
    <bndbox>
        <xmin>44.555672101424655</xmin>
        <ymin>19.91632817059579</ymin>
        <xmax>286.44833452895904</xmax>
        <ymax>192.99325124751886</ymax>
    </bndbox>
</object>
</annotation>
