<annotation verified="yes">
    <folder>Annotation</folder>
    <filename>LSZwaWQ9QXBp%20(2).jpg</filename>
    <path>rhesus-PascalVOC-export/Annotations/LSZwaWQ9QXBp%20(2).jpg</path>
    <source>
        <database>Unknown</database>
    </source>
    <size>
        <width>186</width>
        <height>225</height>
        <depth>3</depth>
    </size>
    <segmented>0</segmented>
    <object>
    <name>monkey</name>
    <pose>Unspecified</pose>
    <truncated>0</truncated>
    <difficult>0</difficult>
    <bndbox>
        <xmin>8.966733235954832</xmin>
        <ymin>10.67796561677577</ymin>
        <xmax>169.70119260195577</xmax>
        <ymax>197.54238451941538</ymax>
    </bndbox>
</object>
</annotation>
