<annotation verified="yes">
    <folder>Annotation</folder>
    <filename>MCZwaWQ9QXBp.jpg</filename>
    <path>rhesus-PascalVOC-export/Annotations/MCZwaWQ9QXBp.jpg</path>
    <source>
        <database>Unknown</database>
    </source>
    <size>
        <width>213</width>
        <height>225</height>
        <depth>3</depth>
    </size>
    <segmented>0</segmented>
    <object>
    <name>monkey</name>
    <pose>Unspecified</pose>
    <truncated>0</truncated>
    <difficult>0</difficult>
    <bndbox>
        <xmin>38.76122746254081</xmin>
        <ymin>33.305085715600995</ymin>
        <xmax>202.54869402985074</xmax>
        <ymax>206.69492301294358</ymax>
    </bndbox>
</object>
</annotation>
