<annotation verified="yes">
    <folder>Annotation</folder>
    <filename>MSZwaWQ9QXBp.jpg</filename>
    <path>rhesus-PascalVOC-export/Annotations/MSZwaWQ9QXBp.jpg</path>
    <source>
        <database>Unknown</database>
    </source>
    <size>
        <width>286</width>
        <height>225</height>
        <depth>3</depth>
    </size>
    <segmented>0</segmented>
    <object>
    <name>monkey</name>
    <pose>Unspecified</pose>
    <truncated>0</truncated>
    <difficult>0</difficult>
    <bndbox>
        <xmin>48.04006137424045</xmin>
        <ymin>12.711864406779661</ymin>
        <xmax>202.09872416178385</xmax>
        <ymax>189.66101306979937</ymax>
    </bndbox>
</object>
</annotation>
