<annotation verified="yes">
    <folder>Annotation</folder>
    <filename>NyZwaWQ9QXBp%20(17).jpg</filename>
    <path>rhesus-PascalVOC-export/Annotations/NyZwaWQ9QXBp%20(17).jpg</path>
    <source>
        <database>Unknown</database>
    </source>
    <size>
        <width>339</width>
        <height>225</height>
        <depth>3</depth>
    </size>
    <segmented>0</segmented>
    <object>
    <name>monkey</name>
    <pose>Unspecified</pose>
    <truncated>0</truncated>
    <difficult>0</difficult>
    <bndbox>
        <xmin>28.373562761613908</xmin>
        <ymin>47.374626262459216</ymin>
        <xmax>179.3397655449141</xmax>
        <ymax>211.74587860792695</ymax>
    </bndbox>
</object><object>
    <name>monkey</name>
    <pose>Unspecified</pose>
    <truncated>0</truncated>
    <difficult>0</difficult>
    <bndbox>
        <xmin>57.48847124164194</xmin>
        <ymin>0.48839717568037755</ymin>
        <xmax>327.6101638460254</xmax>
        <ymax>225</ymax>
    </bndbox>
</object>
</annotation>
