<annotation verified="yes">
    <folder>Annotation</folder>
    <filename>NyZwaWQ9QXBp%20(13).jpg</filename>
    <path>rhesus-PascalVOC-export/Annotations/NyZwaWQ9QXBp%20(13).jpg</path>
    <source>
        <database>Unknown</database>
    </source>
    <size>
        <width>339</width>
        <height>225</height>
        <depth>3</depth>
    </size>
    <segmented>0</segmented>
    <object>
    <name>monkey</name>
    <pose>Unspecified</pose>
    <truncated>0</truncated>
    <difficult>0</difficult>
    <bndbox>
        <xmin>58.027638308333586</xmin>
        <ymin>16.386602310363404</ymin>
        <xmax>211.15050935840037</xmax>
        <ymax>202.3147408833761</ymax>
    </bndbox>
</object>
</annotation>
