<annotation verified="yes">
    <folder>Annotation</folder>
    <filename>NyZwaWQ9QXBp%20(4).jpg</filename>
    <path>rhesus-PascalVOC-export/Annotations/NyZwaWQ9QXBp%20(4).jpg</path>
    <source>
        <database>Unknown</database>
    </source>
    <size>
        <width>339</width>
        <height>225</height>
        <depth>3</depth>
    </size>
    <segmented>0</segmented>
    <object>
    <name>monkey</name>
    <pose>Unspecified</pose>
    <truncated>0</truncated>
    <difficult>0</difficult>
    <bndbox>
        <xmin>11.389867005243927</xmin>
        <ymin>4.260853807369393</ymin>
        <xmax>313.8614396385359</xmax>
        <ymax>225</ymax>
    </bndbox>
</object>
</annotation>
