<annotation verified="yes">
    <folder>Annotation</folder>
    <filename>NyZwaWQ9QXBp%20(8).jpg</filename>
    <path>rhesus-PascalVOC-export/Annotations/NyZwaWQ9QXBp%20(8).jpg</path>
    <source>
        <database>Unknown</database>
    </source>
    <size>
        <width>339</width>
        <height>225</height>
        <depth>3</depth>
    </size>
    <segmented>0</segmented>
    <object>
    <name>monkey</name>
    <pose>Unspecified</pose>
    <truncated>0</truncated>
    <difficult>0</difficult>
    <bndbox>
        <xmin>46.43559265136718</xmin>
        <ymin>18.00336980534171</ymin>
        <xmax>269.1107273594759</xmax>
        <ymax>223.871627110921</ymax>
    </bndbox>
</object>
</annotation>
