<annotation verified="yes">
    <folder>Annotation</folder>
    <filename>OCZwaWQ9QXBp%20(23).jpg</filename>
    <path>rhesus-PascalVOC-export/Annotations/OCZwaWQ9QXBp%20(23).jpg</path>
    <source>
        <database>Unknown</database>
    </source>
    <size>
        <width>338</width>
        <height>225</height>
        <depth>3</depth>
    </size>
    <segmented>0</segmented>
    <object>
    <name>monkey</name>
    <pose>Unspecified</pose>
    <truncated>0</truncated>
    <difficult>0</difficult>
    <bndbox>
        <xmin>115.37694657251802</xmin>
        <ymin>63.95289435315488</ymin>
        <xmax>291.1638088946788</xmax>
        <ymax>185.92303745782198</ymax>
    </bndbox>
</object><object>
    <name>monkey</name>
    <pose>Unspecified</pose>
    <truncated>0</truncated>
    <difficult>0</difficult>
    <bndbox>
        <xmin>102.7439322803414</xmin>
        <ymin>12.370802751227991</ymin>
        <xmax>279.8747514910537</xmax>
        <ymax>149.92305385532663</ymax>
    </bndbox>
</object>
</annotation>
