<annotation verified="yes">
    <folder>Annotation</folder>
    <filename>OCZwaWQ9QXBp.jpg</filename>
    <path>rhesus-PascalVOC-export/Annotations/OCZwaWQ9QXBp.jpg</path>
    <source>
        <database>Unknown</database>
    </source>
    <size>
        <width>338</width>
        <height>225</height>
        <depth>3</depth>
    </size>
    <segmented>0</segmented>
    <object>
    <name>monkey</name>
    <pose>Unspecified</pose>
    <truncated>0</truncated>
    <difficult>0</difficult>
    <bndbox>
        <xmin>0</xmin>
        <ymin>14.5200595571034</ymin>
        <xmax>273.96143961426753</xmax>
        <ymax>202.84841879090268</ymax>
    </bndbox>
</object>
</annotation>
