<annotation verified="yes">
    <folder>Annotation</folder>
    <filename>OCZwaWQ9QXBp%20(17).jpg</filename>
    <path>rhesus-PascalVOC-export/Annotations/OCZwaWQ9QXBp%20(17).jpg</path>
    <source>
        <database>Unknown</database>
    </source>
    <size>
        <width>338</width>
        <height>225</height>
        <depth>3</depth>
    </size>
    <segmented>0</segmented>
    <object>
    <name>monkey</name>
    <pose>Unspecified</pose>
    <truncated>0</truncated>
    <difficult>0</difficult>
    <bndbox>
        <xmin>136.8799286798739</xmin>
        <ymin>39.23647439301904</ymin>
        <xmax>312.1292246520875</xmax>
        <ymax>211.71409863144606</ymax>
    </bndbox>
</object><object>
    <name>monkey</name>
    <pose>Unspecified</pose>
    <truncated>0</truncated>
    <difficult>0</difficult>
    <bndbox>
        <xmin>25.06441556957086</xmin>
        <ymin>8.609609746221286</ymin>
        <xmax>184.18648521468845</xmax>
        <ymax>215.7439493777147</ymax>
    </bndbox>
</object>
</annotation>
