<annotation verified="yes">
    <folder>Annotation</folder>
    <filename>RCZwaWQ9QXBp%20(1).jpg</filename>
    <path>rhesus-PascalVOC-export/Annotations/RCZwaWQ9QXBp%20(1).jpg</path>
    <source>
        <database>Unknown</database>
    </source>
    <size>
        <width>330</width>
        <height>225</height>
        <depth>3</depth>
    </size>
    <segmented>0</segmented>
    <object>
    <name>monkey</name>
    <pose>Unspecified</pose>
    <truncated>0</truncated>
    <difficult>0</difficult>
    <bndbox>
        <xmin>3.4771391790856425</xmin>
        <ymin>62.76466686593548</ymin>
        <xmax>125.2425407273158</xmax>
        <ymax>215.4760391302081</ymax>
    </bndbox>
</object><object>
    <name>monkey</name>
    <pose>Unspecified</pose>
    <truncated>0</truncated>
    <difficult>0</difficult>
    <bndbox>
        <xmin>191.3737654638575</xmin>
        <ymin>47.0212316374042</ymin>
        <xmax>280.59841755133266</xmax>
        <ymax>185.825905368905</ymax>
    </bndbox>
</object><object>
    <name>monkey</name>
    <pose>Unspecified</pose>
    <truncated>0</truncated>
    <difficult>0</difficult>
    <bndbox>
        <xmin>127.07953087141216</xmin>
        <ymin>47.28361830419424</ymin>
        <xmax>193.73559849399697</xmax>
        <ymax>188.71219874123446</ymax>
    </bndbox>
</object>
</annotation>
