<annotation verified="yes">
    <folder>Annotation</folder>
    <filename>RSZwaWQ9QXBp.jpg</filename>
    <path>rhesus-PascalVOC-export/Annotations/RSZwaWQ9QXBp.jpg</path>
    <source>
        <database>Unknown</database>
    </source>
    <size>
        <width>275</width>
        <height>225</height>
        <depth>3</depth>
    </size>
    <segmented>0</segmented>
    <object>
    <name>monkey</name>
    <pose>Unspecified</pose>
    <truncated>0</truncated>
    <difficult>0</difficult>
    <bndbox>
        <xmin>50.64159155442589</xmin>
        <ymin>37.8813549623651</ymin>
        <xmax>222.11967098244895</xmax>
        <ymax>203.8983167228052</ymax>
    </bndbox>
</object>
</annotation>
