<annotation verified="yes">
    <folder>Annotation</folder>
    <filename>ryjghfdbfby.jpg</filename>
    <path>rhesus-PascalVOC-export/Annotations/ryjghfdbfby.jpg</path>
    <source>
        <database>Unknown</database>
    </source>
    <size>
        <width>201</width>
        <height>251</height>
        <depth>3</depth>
    </size>
    <segmented>0</segmented>
    <object>
    <name>monkey</name>
    <pose>Unspecified</pose>
    <truncated>0</truncated>
    <difficult>0</difficult>
    <bndbox>
        <xmin>35.126265268477184</xmin>
        <ymin>15.882486957614704</ymin>
        <xmax>171.8204365079365</xmax>
        <ymax>228.31073446327682</ymax>
    </bndbox>
</object>
</annotation>
