<annotation verified="yes">
    <folder>Annotation</folder>
    <filename>SCZwaWQ9QXBp%20(6).jpg</filename>
    <path>rhesus-PascalVOC-export/Annotations/SCZwaWQ9QXBp%20(6).jpg</path>
    <source>
        <database>Unknown</database>
    </source>
    <size>
        <width>150</width>
        <height>225</height>
        <depth>3</depth>
    </size>
    <segmented>0</segmented>
    <object>
    <name>monkey</name>
    <pose>Unspecified</pose>
    <truncated>0</truncated>
    <difficult>0</difficult>
    <bndbox>
        <xmin>21.610169491525422</xmin>
        <ymin>19.322034868143373</ymin>
        <xmax>127.11864406779661</xmax>
        <ymax>195.76271186440675</ymax>
    </bndbox>
</object>
</annotation>
