<annotation verified="yes">
    <folder>Annotation</folder>
    <filename>SCZwaWQ9QXBp%20(1).jpg</filename>
    <path>rhesus-PascalVOC-export/Annotations/SCZwaWQ9QXBp%20(1).jpg</path>
    <source>
        <database>Unknown</database>
    </source>
    <size>
        <width>150</width>
        <height>225</height>
        <depth>3</depth>
    </size>
    <segmented>0</segmented>
    <object>
    <name>monkey</name>
    <pose>Unspecified</pose>
    <truncated>0</truncated>
    <difficult>0</difficult>
    <bndbox>
        <xmin>23.771182561324814</xmin>
        <ymin>117.71186246710307</ymin>
        <xmax>81.9915254237288</xmax>
        <ymax>199.8305045952231</ymax>
    </bndbox>
</object><object>
    <name>monkey</name>
    <pose>Unspecified</pose>
    <truncated>0</truncated>
    <difficult>0</difficult>
    <bndbox>
        <xmin>18.68643679861295</xmin>
        <ymin>24.915257146802997</ymin>
        <xmax>130.29661016949152</xmax>
        <ymax>224.99999999999997</ymax>
    </bndbox>
</object>
</annotation>
