<annotation verified="yes">
    <folder>Annotation</folder>
    <filename>SCZwaWQ9QXBp%20(7).jpg</filename>
    <path>rhesus-PascalVOC-export/Annotations/SCZwaWQ9QXBp%20(7).jpg</path>
    <source>
        <database>Unknown</database>
    </source>
    <size>
        <width>150</width>
        <height>225</height>
        <depth>3</depth>
    </size>
    <segmented>0</segmented>
    <object>
    <name>monkey</name>
    <pose>Unspecified</pose>
    <truncated>0</truncated>
    <difficult>0</difficult>
    <bndbox>
        <xmin>45.508478455624335</xmin>
        <ymin>20.84745956679522</ymin>
        <xmax>150</xmax>
        <ymax>189.91526587534756</ymax>
    </bndbox>
</object>
</annotation>
