<annotation verified="yes">
    <folder>Annotation</folder>
    <filename>sfsgbfgbgbv.jpg</filename>
    <path>rhesus-PascalVOC-export/Annotations/sfsgbfgbgbv.jpg</path>
    <source>
        <database>Unknown</database>
    </source>
    <size>
        <width>225</width>
        <height>225</height>
        <depth>3</depth>
    </size>
    <segmented>0</segmented>
    <object>
    <name>monkey</name>
    <pose>Unspecified</pose>
    <truncated>0</truncated>
    <difficult>0</difficult>
    <bndbox>
        <xmin>10.296608229814948</xmin>
        <ymin>6.101696370011669</ymin>
        <xmax>208.85595547950874</xmax>
        <ymax>216.61018112958487</ymax>
    </bndbox>
</object>
</annotation>
