<annotation verified="yes">
    <folder>Annotation</folder>
    <filename>SyZwaWQ9QXBp%20(5).jpg</filename>
    <path>rhesus-PascalVOC-export/Annotations/SyZwaWQ9QXBp%20(5).jpg</path>
    <source>
        <database>Unknown</database>
    </source>
    <size>
        <width>149</width>
        <height>225</height>
        <depth>3</depth>
    </size>
    <segmented>0</segmented>
    <object>
    <name>monkey</name>
    <pose>Unspecified</pose>
    <truncated>0</truncated>
    <difficult>0</difficult>
    <bndbox>
        <xmin>11.19485219861907</xmin>
        <ymin>7.881356902041677</ymin>
        <xmax>149</xmax>
        <ymax>201.3559438414493</ymax>
    </bndbox>
</object>
</annotation>
