<annotation verified="yes">
    <folder>Annotation</folder>
    <filename>tdyjghjghg.jpg</filename>
    <path>rhesus-PascalVOC-export/Annotations/tdyjghjghg.jpg</path>
    <source>
        <database>Unknown</database>
    </source>
    <size>
        <width>275</width>
        <height>183</height>
        <depth>3</depth>
    </size>
    <segmented>0</segmented>
    <object>
    <name>monkey</name>
    <pose>Unspecified</pose>
    <truncated>0</truncated>
    <difficult>0</difficult>
    <bndbox>
        <xmin>156.94990176817288</xmin>
        <ymin>58.28064447588625</ymin>
        <xmax>253.1188605108055</xmax>
        <ymax>183</ymax>
    </bndbox>
</object><object>
    <name>monkey</name>
    <pose>Unspecified</pose>
    <truncated>0</truncated>
    <difficult>0</difficult>
    <bndbox>
        <xmin>110.27014082213515</xmin>
        <ymin>23.94789781823622</ymin>
        <xmax>165.59430255402748</xmax>
        <ymax>174.0186942784132</ymax>
    </bndbox>
</object><object>
    <name>monkey</name>
    <pose>Unspecified</pose>
    <truncated>0</truncated>
    <difficult>0</difficult>
    <bndbox>
        <xmin>44.788806518075035</xmin>
        <ymin>12.071791623545957</ymin>
        <xmax>101.8418467583497</xmax>
        <ymax>179.41692436690877</ymax>
    </bndbox>
</object>
</annotation>
