<annotation verified="yes">
    <folder>Annotation</folder>
    <filename>tehgfdhfgd.jpg</filename>
    <path>rhesus-PascalVOC-export/Annotations/tehgfdhfgd.jpg</path>
    <source>
        <database>Unknown</database>
    </source>
    <size>
        <width>259</width>
        <height>194</height>
        <depth>3</depth>
    </size>
    <segmented>0</segmented>
    <object>
    <name>monkey</name>
    <pose>Unspecified</pose>
    <truncated>0</truncated>
    <difficult>0</difficult>
    <bndbox>
        <xmin>45.506380464259465</xmin>
        <ymin>5.041808327712581</ymin>
        <xmax>189.62646335980855</xmax>
        <ymax>180.84745762711862</ymax>
    </bndbox>
</object>
</annotation>
