<annotation verified="yes">
    <folder>Annotation</folder>
    <filename>tyjhgjghghn.jpg</filename>
    <path>rhesus-PascalVOC-export/Annotations/tyjhgjghghn.jpg</path>
    <source>
        <database>Unknown</database>
    </source>
    <size>
        <width>225</width>
        <height>225</height>
        <depth>3</depth>
    </size>
    <segmented>0</segmented>
    <object>
    <name>monkey</name>
    <pose>Unspecified</pose>
    <truncated>0</truncated>
    <difficult>0</difficult>
    <bndbox>
        <xmin>66.99152154437566</xmin>
        <ymin>19.576273126117254</ymin>
        <xmax>225</xmax>
        <ymax>204.15255013158765</ymax>
    </bndbox>
</object>
</annotation>
