<annotation verified="yes">
    <folder>Annotation</folder>
    <filename>tynthbyhty.jpg</filename>
    <path>rhesus-PascalVOC-export/Annotations/tynthbyhty.jpg</path>
    <source>
        <database>Unknown</database>
    </source>
    <size>
        <width>275</width>
        <height>183</height>
        <depth>3</depth>
    </size>
    <segmented>0</segmented>
    <object>
    <name>monkey</name>
    <pose>Unspecified</pose>
    <truncated>0</truncated>
    <difficult>0</difficult>
    <bndbox>
        <xmin>70.0736804654884</xmin>
        <ymin>15.742589731132034</ymin>
        <xmax>275</xmax>
        <ymax>175.53020858764646</ymax>
    </bndbox>
</object>
</annotation>
