<annotation verified="yes">
    <folder>Annotation</folder>
    <filename>UiZwaWQ9QXBp.jpg</filename>
    <path>rhesus-PascalVOC-export/Annotations/UiZwaWQ9QXBp.jpg</path>
    <source>
        <database>Unknown</database>
    </source>
    <size>
        <width>180</width>
        <height>225</height>
        <depth>3</depth>
    </size>
    <segmented>0</segmented>
    <object>
    <name>monkey</name>
    <pose>Unspecified</pose>
    <truncated>0</truncated>
    <difficult>0</difficult>
    <bndbox>
        <xmin>11.194340466610534</xmin>
        <ymin>12.966102664753542</ymin>
        <xmax>170.2049411733243</xmax>
        <ymax>202.11864406779662</ymax>
    </bndbox>
</object>
</annotation>
