<annotation verified="yes">
    <folder>Annotation</folder>
    <filename>UiZwaWQ9QXBp%20(1).jpg</filename>
    <path>rhesus-PascalVOC-export/Annotations/UiZwaWQ9QXBp%20(1).jpg</path>
    <source>
        <database>Unknown</database>
    </source>
    <size>
        <width>180</width>
        <height>225</height>
        <depth>3</depth>
    </size>
    <segmented>0</segmented>
    <object>
    <name>monkey</name>
    <pose>Unspecified</pose>
    <truncated>0</truncated>
    <difficult>0</difficult>
    <bndbox>
        <xmin>38.41696695388416</xmin>
        <ymin>28.983049877619337</ymin>
        <xmax>179.99999999999997</xmax>
        <ymax>223.98304696810447</ymax>
    </bndbox>
</object>
</annotation>
