<annotation verified="yes">
    <folder>Annotation</folder>
    <filename>UyZwaWQ9QXBp%20(2).jpg</filename>
    <path>rhesus-PascalVOC-export/Annotations/UyZwaWQ9QXBp%20(2).jpg</path>
    <source>
        <database>Unknown</database>
    </source>
    <size>
        <width>316</width>
        <height>225</height>
        <depth>3</depth>
    </size>
    <segmented>0</segmented>
    <object>
    <name>monkey</name>
    <pose>Unspecified</pose>
    <truncated>0</truncated>
    <difficult>0</difficult>
    <bndbox>
        <xmin>42.337320062955854</xmin>
        <ymin>13.728812589483745</ymin>
        <xmax>286.2359348964883</xmax>
        <ymax>203.38983050847455</ymax>
    </bndbox>
</object>
</annotation>
