<annotation verified="yes">
    <folder>Annotation</folder>
    <filename>UyZwaWQ9QXBp.jpg</filename>
    <path>rhesus-PascalVOC-export/Annotations/UyZwaWQ9QXBp.jpg</path>
    <source>
        <database>Unknown</database>
    </source>
    <size>
        <width>316</width>
        <height>225</height>
        <depth>3</depth>
    </size>
    <segmented>0</segmented>
    <object>
    <name>monkey</name>
    <pose>Unspecified</pose>
    <truncated>0</truncated>
    <difficult>0</difficult>
    <bndbox>
        <xmin>67.26126178457463</xmin>
        <ymin>15.508475546109473</ymin>
        <xmax>311.1598475128112</xmax>
        <ymax>209.2372958942995</ymax>
    </bndbox>
</object>
</annotation>
