<annotation verified="yes">
    <folder>Annotation</folder>
    <filename>UyZwaWQ9QXBp%20(1).jpg</filename>
    <path>rhesus-PascalVOC-export/Annotations/UyZwaWQ9QXBp%20(1).jpg</path>
    <source>
        <database>Unknown</database>
    </source>
    <size>
        <width>316</width>
        <height>225</height>
        <depth>3</depth>
    </size>
    <segmented>0</segmented>
    <object>
    <name>monkey</name>
    <pose>Unspecified</pose>
    <truncated>0</truncated>
    <difficult>0</difficult>
    <bndbox>
        <xmin>87.86167002012071</xmin>
        <ymin>19.830511384091135</ymin>
        <xmax>259.5317095443756</xmax>
        <ymax>200.5932242183362</ymax>
    </bndbox>
</object>
</annotation>
