<annotation verified="yes">
    <folder>Annotation</folder>
    <filename>vdfgfdcd.jpg</filename>
    <path>rhesus-PascalVOC-export/Annotations/vdfgfdcd.jpg</path>
    <source>
        <database>Unknown</database>
    </source>
    <size>
        <width>300</width>
        <height>168</height>
        <depth>3</depth>
    </size>
    <segmented>0</segmented>
    <object>
    <name>monkey</name>
    <pose>Unspecified</pose>
    <truncated>0</truncated>
    <difficult>0</difficult>
    <bndbox>
        <xmin>57.3477424666549</xmin>
        <ymin>9.623160593133223</ymin>
        <xmax>165.08841224175774</xmax>
        <ymax>149.21053081311678</ymax>
    </bndbox>
</object><object>
    <name>monkey</name>
    <pose>Unspecified</pose>
    <truncated>0</truncated>
    <difficult>0</difficult>
    <bndbox>
        <xmin>135.85461689587427</xmin>
        <ymin>3.021052631578947</ymin>
        <xmax>246.42438307726547</xmax>
        <ymax>165.00841835423518</ymax>
    </bndbox>
</object>
</annotation>
