<annotation verified="yes">
    <folder>Annotation</folder>
    <filename>ViZwaWQ9QXBp%20(1).jpg</filename>
    <path>rhesus-PascalVOC-export/Annotations/ViZwaWQ9QXBp%20(1).jpg</path>
    <source>
        <database>Unknown</database>
    </source>
    <size>
        <width>227</width>
        <height>225</height>
        <depth>3</depth>
    </size>
    <segmented>0</segmented>
    <object>
    <name>monkey</name>
    <pose>Unspecified</pose>
    <truncated>0</truncated>
    <difficult>0</difficult>
    <bndbox>
        <xmin>25.03676470588235</xmin>
        <ymin>25.677967071533203</ymin>
        <xmax>208.92583839566097</xmax>
        <ymax>207.7118760448391</ymax>
    </bndbox>
</object>
</annotation>
